{"cameraMode":{"drawMode":0,"name":"Shaded","section":"Shading Mode"},"sceneLighting":true,"audioPlay":false,"sceneViewState":{"m_AlwaysRefresh":false,"showFog":true,"showSkybox":true,"showFlares":true,"showImageEffects":true,"showParticleSystems":true,"showVisualEffectGraphs":true,"m_FxEnabled":true},"in2DMode":false,"pivot":{"x":6.058086395263672,"y":1.0779931545257569,"z":-0.34827423095703127},"rotation":{"x":-0.18958023190498353,"y":-0.025910532101988794,"z":0.005002484191209078,"w":-0.9815201759338379},"size":5.926894187927246,"orthographic":false}